Model,accuracy,loss,accuracy_%
VGG16,0.561904788017273,1.438128113746643,56.19
Xception,0.4761904776096344,1.450099229812622,47.62
MobileNetV2,0.3880952298641205,1.7850701808929443,38.81
ResNet50,0.380952388048172,1.7304104566574097,38.1
DenseNet121,0.35476189851760864,2.134319543838501,35.48
Custom_CNN,0.24047619104385376,2.958207130432129,24.05
EfficientNetB0,0.1428571492433548,1.9899741411209106,14.29
